record_id,doi,title,authors,year,journal,quartile,databases,abstract,abstract_source,decision,primary_reason,secondary_reason,needs_fulltext_check,confidence,screened_at,notes
SLR1-0001,10.1093/bjc/azae018,Estimating the Reliability of Crime Data in Geographic Areas,Brunton-Smith; Ian; Cernat; Alex; Pina-Sánchez; Jose; Buil-Gil; David,2024,The British Journal of Criminology,Q1,Scopus,"Crime data are problematic: Crimes that are never reported undermine its validity and differences in police recording practices affect its reliability. However, the true extent of these problems is not well known, with existing studies suffering from a number of methodological limitations. We examine the quality of police recorded crime data and survey-based crime estimates recorded in England and Wales using a robust latent trait model that effectively represents the competing sources of error. We find that whilst crime rates derived from police data systematically underestimate the true extent of crime, they are substantially more reliable than estimates from survey data. Reliability is lower for violence and criminal damage and is getting worse over time.",data/silver/analysis/field_corpus.json,include_title_abstract,IC4,,no,high,2026-06-27,"RQ2 directo: fiabilidad de datos policiales, subregistro y comparacion con encuestas."
SLR1-0002,10.1177/02697580241296569,Trust in the police and crime reporting: Reassessing assumptions in the context of violent crime in England and Wales,Timukaite; Aiste; Buil-Gil; David,2024,International Review of Victimology,Q1,Scopus,"The reporting of crime to the police is crucial for an efficient functioning of the criminal justice system. It is widely argued that victims’ decision to contact the police is based on considerations of the anticipated costs and benefits of crime reporting. Scholars have previously suggested that victims’ attitudes towards the police may influence their perceptions of the costs and benefits associated with crime reporting. However, victims’ trust in the police as a multidimensional construct has not been empirically tested as a predictor of victims’ crime reporting to the police. This study uses Crime Survey for England and Wales data from 2017/2018 to 2019/2020 to explore the relationship between victims’ trust in police effectiveness and violent crime reporting behaviour. Furthermore, this study examines the influence of victim and situational characteristics on decisions to report victimisation to the police. Our analysis reveals that victims’ trust in police effectiveness does not predict their decision to disclose violent crime victimisation to the police. However, victims’ sex and age significantly influence reporting decisions. Moreover, our findings reveal that situational factors, specifically the presence of a weapon and injury to the victim, are important predictors of violent crime reporting.",data/silver/analysis/field_corpus.json,include_title_abstract,IC4,,no,high,2026-06-27,RQ2 directo: reporting de crimen y confianza policial.
SLR1-0003,10.1016/j.jnlssr.2024.11.003,Ada-GCNLSTM: An adaptive urban crime spatiotemporal prediction model,Shan; M.; Ye; C.; Chen; P.; Peng; S.,2025,Journal of Safety Science and Resilience,Q1,ScienceDirect,"Accurate crime prediction is crucial for the proactive allocation of law enforcement resources and ensuring urban Spatiotemporal prediction safety. A major challenge in achieving accurate predictions lies in identifying generalized patterns of criminal Crime prediction behavior from spatiotemporal features in crime data. Additionally, the inherent randomness and volatility of Graph convolutional networks crime data at the spatiotemporal level introduce noise, which can mislead prediction models. While many Deep learning effective spatiotemporal crime prediction methods have been proposed, most overlook this issue, reducing their ability to generalize. In this paper, we introduce a novel deep learning-based model, adaptive-GCNLSTM (Ada- GCNLSTM). Specifically, in the spatial feature extraction module, we enhance the model’s ability to capture crime spatial distributions by leveraging graph convolutional networks to model spatial dependencies in conjunction with the maximum mean discrepancy to extract the universal features of crime data. We then incorporate a memory network based on long short-term memory network to capture the underlying relation­ ships between temporal features. Through extensive experiments, our model demonstrates an average improvement of 11.7% in mean absolute error and 2.7% in root mean squared error across the three datasets, outperforming the best baseline model. These results underscore the effectiveness of our approach in enhancing crime prediction accuracy.",data/bronze/shan2025_ada_gcnlstm.txt,include_title_abstract,IC4,,no,high,2026-06-27,Prediccion espaciotemporal urbana con GCN/LSTM.
SLR1-0004,10.1016/j.eswa.2024.125940,MRAGNN: Refining urban spatio-temporal prediction of crime occurrence with multi-type crime correlation learning,Wang; S.; Zhang; Y.; Piao; X.; Lin; X.; Hu; Y.; Yin; B.,2025,Expert Systems with Applications,Q1,ScienceDirect,"Predicting whether crime events will occur in different areas (framed as a classification task) is a typical Crime occurrence prediction spatio-temporal data mining problem, crucial for both urban management and public safety. Contemporary Graph neural network crime occurrence prediction models predominantly leverage deep learning techniques, focusing on capturing Crime type correlations modeling the spatio-temporal dependencies within crime data. Analysis of crime data reveals correlations among different crime types, indicating shared change patterns. Leveraging these correlations among crime types significantly enhances the accuracy of crime occurrence predictions. Nevertheless, existing crime occurrence prediction models frequently overlook the utilization of these type correlations. To solve this problem, we propose a new crime occurrence prediction model with multi-type crime correlation learning: the Multi-type Relations Aware Graph Neural Networks (MRAGNN). The model dynamically constructs a spatial/type graph structure of crime data and employs dynamic graph networks to capture both spatio-temporal and type-temporal dependencies within the data. We introduce a cross-modal gated fusion mechanism to fuse the representations of two dependencies. Furthermore, we develop an improved multi-label classification focal loss to address the challenges posed by the imbalance in crime occurrence data on classification results. Experimental results validate that our model outperforms state-of-the-art (SOTA) methods in crime occurrence prediction.",data/bronze/wang2025_mragnn.txt,include_title_abstract,IC4,,no,high,2026-06-27,Prediccion espacio-temporal de ocurrencia criminal con GNN.
SLR1-0005,10.1145/3665141,HDM-GNN: A Heterogeneous Dynamic Multi-view Graph Neural Network for Crime Prediction,Zhou; Binbin; Zhou; Hang; Wang; Weikun; Chen; Liming; Ma; Jianhua; Zheng; Zengwei,2024,ACM Transactions on Sensor Networks,Q1,ACM DL; Scopus,"Smart cities have drawn a lot of interest in recent years, which employ Internet of Things (IoT)-enabled sensors to gather data from various sources and help enhance the quality of residents’ life in multiple areas, e.g. public safety. Accurate crime prediction is significant for public safety promotion. However, the complicated spatial-temporal dependencies make the task challenging, due to two aspects: 1) spatial dependency of crime includes correlations with spatially adjacent regions and underlying correlations with distant regions, e.g. mobility connectivity and functional similarity; 2) there are near-repeat and long-range temporal correlations between crime occurrences across time. Most existing studies fall short in tackling with multi-view correlations, since they usually treat them equally without consideration of different weights for these correlations. In this paper, we propose a novel model for region-level crime prediction named as Heterogeneous Dynamic Multi-view Graph Neural Network (HDM-GNN). The model can represent the dynamic spatial-temporal dependencies of crime with heterogeneous urban data, and fuse various types of region-wise correlations from multiple views. Global spatial dependencies and long-range temporal dependencies can be derived by integrating the multiple GAT modules and Gated CNN modules. Extensive experiments are conducted to evaluate the effectiveness of our method using several real-world datasets. Results demonstrate that our method outperforms state-of-the-art baselines. All the code are available at https://github.com/ZJUDataIntelligence/HDM-GNN.",data/silver/analysis/field_corpus.json,include_title_abstract,IC4,,no,high,2026-06-27,Crime prediction con heterogeneous dynamic multi-view GNN.
SLR1-0006,10.1016/j.inffus.2026.104164,Multimodal spatio-temporal fusion: A generalizable GCN-LSTM with attention framework for urban application,Guo; Y.,2026,Information Fusion,Q1,ScienceDirect,"The proliferation of urban big data presents unprecedented opportunities for understanding cities, yet the analyt- Spatio-temporal forecasting ical methods to harness this data are often fragmented and domain-speciﬁc. Existing predictive models in urban Graph neural networks computing are typically highly specialized, creating analytical silos that inhibit knowledge transfer and are dif- Urban computing ﬁcult to adapt across domains such as public safety, housing and transport. This paper confronts this critical gap Data fusion Deep learning by developing a generalizable, multimodal spatio-temporal deep learning framework engineered for both high Interpretability predictive performance and interpretability, which is capable of mastering diverse urban prediction tasks with- out architectural modiﬁcation. The hybrid architecture fuses a Multi-Head Graph Convolutional Network (GCN) for spatial diﬀusion, a Long Short-Term Memory (LSTM) network for temporal dynamics, and a learnable Gating Mechanism that weights the inﬂuence of spatial graph versus static external features. To validate this generaliz- ability, the framework was tested on three distinct urban domains in London: crime forecasting, housing price estimation and transport network demand. The model outperformed traditional baselines (ARIMA, XGBoost) and state-of-the-art deep learning models (TabNet, TFT). Moreover, the framework moves beyond prediction to explanation by incorporating attention mechanisms and permutation feature importance analysis.",data/bronze/guo2026_multimodal_gcnlstm.txt,include_title_abstract,IC4,,yes,medium,2026-06-27,"Framework urbano generalizable; incluye public safety, pero el abstract no esta centrado solo en crimen."
SLR1-0007,10.1016/j.compenvurbsys.2023.101967,Auditing the fairness of place-based crime prediction models implemented with deep learning approaches,Wu; J.; Abrar; S. M.; Awasthi; N.; Frías-Martínez; V.,2023,"Computers, Environment and Urban Systems",Q1,ScienceDirect,"Crime prediction historical crimes, together with built-environment factors, to predict aggregate volumes of crime incidents at Human mobility specific locations. Nevertheless, related work has shown that crime incident data can suffer from under-reporting Data bias bias whereby certain social groups report more crimes than others and whereby certain crimes are recorded more Algorithmic fairness often by the police. In addition, under the umbrella of crime opportunity theories that suggest that human mobility can play a role in crime generation, increasing attention has been paid to the predictive power of human mobility in place-based crime models implemented with deep learning. However, prior work has shown that human mobility data collected from cell phones can suffer from sampling bias because certain population groups are not equally represented due to lack of cell phone ownership. Despite these well reported data bias concerns, no related work has yet looked into the fairness of place-based crime prediction models implemented with deep learning; nor into the effect that adding human mobility data from cell phones as a predictor might have on their fairness. In this paper, we use publicly available fine-grained crime incident and human mobility data from the US to conduct a comprehensive fairness audit across multiple cities with diverse demographic characteristics, different types of crimes and various deep learning models; and we explore potential root causes of the models’ fairness metrics by looking into crime data bias, mobility data bias and algorithmic bias. Our results show that unfair predictions are pervasive across place-based crime prediction models implemented with deep-learning due to the inherent data bias in the crime incident data; that adding mobility features extracted from cell phone data decreases fairness under certain circumstances; and that part of the fairness loss can be explained by bias in the crime data, and in the predictive algorithms that might be exacerbating the data bias, with the mobility data bias having an insignificant effect on fairness loss.",data/bronze/wu2023_fairness_crime.txt,include_title_abstract,IC4,,no,high,2026-06-27,Auditoria de fairness en modelos DL de place-based crime prediction.
SLR1-0008,10.1016/j.scs.2025.106507,"Crime mapping in urban environments using explainable AI: A case study of Daegu, Korea",Kim; G.; Cho; Y.; Han; Y.; Lee; G.,2025,Sustainable Cities and Society,Q1,ScienceDirect,"Urban safety constitutes a foundational pillar for sustainable cities. This study aims to analyze the relationship Sustainable urban planning between various crime types and urban environmental characteristics in the case of Daegu Metropolitan City, Spatial equity South Korea, and to develop a predictive crime risk map. Spatial data were constructed by generating buffer Explainable AI zones ranging from 10 to 50 m around 112 emergency call locations. Utilizing the XGBoost algorithm in Crime risk mapping Urban safety conjunction with SHAP (SHapley Additive exPlanations), we identified key variables influencing different types CPTED of crime. The analysis revealed that commercial facilities, floating population, credit card transaction volumes, number of households, and road area were consistently significant predictors across all crime categories, with the highest predictive performance observed at the 10-meter buffer scale. Based on the prediction results, we developed high-resolution crime probability maps that visualize high-risk areas and assessed the adequacy of existing CCTV installations. By providing interpretable, spatially detailed, and high-resolution forecasts, this research enables data-driven crime prevention strategies and supports sustainable urban planning and inclusive safety policies. The proposed approach is inherently scalable and transferable to a variety of urban contexts that encounter difficulties in synchronizing safety infrastructure with rapidly evolving urban dynamics.",data/bronze/kim2025_crime_mapping_xai.txt,include_title_abstract,IC4,,no,high,2026-06-27,Crime risk map con XGBoost/SHAP en entorno urbano.
SLR1-0009,10.1016/j.compenvurbsys.2024.102089,A deep multi-scale neural networks for crime hotspot mapping prediction,Jing; C.; Lv; X.; Wang; Y.; Qin; M.; Jin; S.; Wu; S.; Xu; G.,2024,"Computers, Environment and Urban Systems",Q1,Scopus,"Prediction of high-risk areas for urban crime is of great significance for maintaining public safety and sustainable Crime prediction development. However, existing approaches are deficient in spatiotemporal sensitivity and perceptivity, which Multi-scale make it difficult to extract the spatiotemporal dependency from uneven and sparsely distributed data. To address Hotspot mapping this problem, the novel multi-scale neural network models, namely ST-HGNet and ST-HGNet(a) with attention, Spatiotemporal dependencies were proposed. It is dedicated to further exploring spatiotemporal patterns and improving hotspot location prediction accuracy for sparse types of crimes. First, multi-scale conception and attention mechanisms were introduced to address the receptive field range fixed problem. It enhanced representation of captured infor­ mation by exposing spatial “scale” dimension and assigning weight relationships. Then, novel multi-scale hier­ archical gating architecture was designed that has two forms of whether to add attention or not, to enhance the sensitivity of features and the perception of sparse features by filtering the valid information at different scales. Ultimately, the periodic temporal components were used to capture different time-trend dependencies. The proposed model adopted well-known Chicago assault crime dataset as a case study. Compared with five common benchmark models, the results show that the ST-HGNet model outperformed other baseline models and achieved higher prediction accuracy at multiple level spatial resolution. In particular, ST-HGNet(a) with self-attention achieved the greatest improvement at 1000 m, with a mean hit rate of more than 84%.",data/bronze/jing2024_deep_multiscale_hotspot.txt,include_title_abstract,IC4,,no,high,2026-06-27,Crime hotspot mapping prediction con multi-scale neural networks.
SLR1-0010,10.3390/ijgi13070229,Graph Representation Learning for Street-Level Crime Prediction,Gu; Haishuo; Sui; Jinguang; Chen; Peng,2024,ISPRS International Journal of Geo-Information,Q2,Scopus,"In contemporary research, the street network emerges as a prominent and recurring theme in crime prediction studies. Meanwhile, graph representation learning shows considerable success, which motivates us to apply the methodology to crime prediction research. In this article, a graph representation learning approach is utilized to derive topological structure embeddings within the street network. Subsequently, a heterogeneous information network that incorporates both the street network and urban facilities is constructed, and embeddings through link prediction tasks are obtained. Finally, the two types of high-order embeddings, along with other spatio-temporal features, are fed into a deep neural network for street-level crime prediction. The proposed framework is tested using data from Beijing, and the outcomes demonstrate that both types of embeddings have a positive impact on crime prediction, with the second embedding showing a more significant contribution. Comparative experiments indicate that the proposed deep neural network offers superior efficiency in crime prediction.",data/silver/analysis/field_corpus.json,include_title_abstract,IC4,,no,high,2026-06-27,Street-level crime prediction con graph representation learning y DNN.
SLR1-0011,10.1038/s41598-025-24559-7,Hybrid ST-ResNet and LSTM approach for precise crime hotspot prediction,Shahmoradi; Nasim; Alesheikh; Ali Asghar; Jafari; Ali; Lotfata; Aynaz,2025,Scientific Reports,Q1,Scopus,"Crime is a critical social issue that threatens public safety, and accurately predicting and reducing crime in hotspot areas is a key objective. Crime patterns are inherently complex, with substantial spatial and temporal variability, which makes accurate prediction challenging. This study addresses these intricacies by leveraging advanced deep learning models, including Convolutional Neural Networks (CNNs) and Recurrent Neural Networks (RNNs), to enhance predictive accuracy in crime hotspots. Specifically, we integrate ST-ResNet for spatio-temporal analysis with Long Short-Term Memory (LSTM) networks to model temporal dependencies, overcoming ST-ResNet’s limitation in capturing sequential patterns in crime data. To further improve predictive accuracy, we introduce a feature: the daily Euclidean distance of each crime to the nearest park as a secondary input channel for ST-ResNet, supplemented by historical crime data. Additionally, weather conditions and temporal variables are incorporated into the model’s fully connected layer as additional inputs. Our method achieves a mean hit rate of over 88% at finer spatial resolutions (500 m), outperforming existing models, which tend to perform better only at coarser resolutions (1000 m). By capturing finer spatial details, our approach proves more effective in identifying theft hotspots across Chicago, offering valuable insights for developing targeted crime prevention strategies.",data/silver/analysis/field_corpus.json,include_title_abstract,IC4,,no,high,2026-06-27,Crime hotspot prediction con ST-ResNet y LSTM.
SLR1-0012,10.1007/s10940-025-09629-3,Deep Learning for Crime Forecasting: The Role of Mobility at Fine-grained Spatiotemporal Scales,Albors Zumel; A.; Tizzoni; M.; Campedelli; G. M.,2025,Journal of Quantitative Criminology,Q1,Scopus,"To develop a deep learning framework to evaluate if and how incorporating micro-level mobility features, alongside historical crime and sociodemographic data, enhances predictive performance in crime forecasting at fine-grained spatial and temporal resolutions. We advance the literature on computational methods and crime forecasting by focusing on four U.S. cities (i.e., Baltimore, Chicago, Los Angeles, and Philadelphia). We employ crime incident data obtained from each city’s police department, combined with sociodemographic data from the American Community Survey and human mobility data from Advan, collected from 2019 to 2023. This data is aggregated into grids with equally sized cells of 0.077 sq. miles (0.2 sq. kms) and used to train our deep learning forecasting model, a Convolutional Long Short-Term Memory (ConvLSTM) network, which predicts crime occurrences 12 hours ahead using 14-day and 2-day input sequences. We also compare its performance against three baseline models: logistic regression, random forest, and standard LSTM. Incorporating mobility features improves predictive performance, especially when using shorter input sequences. Noteworthy, however, the best results are obtained when both mobility and sociodemographic features are used together, with our deep learning model achieving the highest recall, precision, and F1 score in all four cities, outperforming alternative methods. With this configuration, longer input sequences enhance predictions for violent crimes, while shorter sequences are more effective for property crimes. These findings underscore the importance of integrating diverse data sources for spatiotemporal crime forecasting, mobility included. They also highlight the advantages (and limits) of deep learning when dealing with fine-grained spatial and temporal scales.",data/silver/analysis/field_corpus.json,include_title_abstract,IC4,,no,high,2026-06-27,Crime forecasting con ConvLSTM y movilidad a escala fina.
SLR1-0013,10.1016/j.ipm.2025.104227,Augmented graph information bottleneck with type-aware periodicity heterogeneity for explainable crime prediction,Fu; R.; et al.,2025,Information Processing & Management,Q1,Scopus,"Accurate crime prediction is crucial for proactive law enforcement, enhancing public safety, and Crime prediction optimizing resource allocation. However, existing solutions struggle with two key challenges: Type-aware periodicity heterogeneity (1) crime periodicity heterogeneity, where different types of crimes exhibit distinct periodic Graph information bottleneck patterns; and (2) lacking of post-hoc explainability, as the black-box effect of deep neural models makes it challenging to interpret the model performance. To respond to these concerns, we present EX-Crime, a novel solution for crime prediction with an inherently explainable view. By following the merits of information bottleneck (IB) principles, we introduce an augmented graph information bottleneck learning block that is coupled with an integrated crime pattern modeling to capture spatial–temporal patterns of crimes. Moreover, a new crime type-aware periodicity learning, employing Fast Fourier Transform and autocorrelation techniques, is proposed to identify the periodic patterns of distinct crime for enhanced temporal modeling. Our extensive experiments on real-world datasets demonstrate that EX-Crime gains substantial improvements in prediction accuracy and interpretability, uncovering its potential to significantly advance crime understanding across diverse urban settings.",data/bronze/fu2025_excrime_gib.txt,include_title_abstract,IC4,,no,high,2026-06-27,Explainable crime prediction con graph information bottleneck.
SLR1-0014,10.1016/j.jag.2025.104973,Spatiotemporal crime prediction and fairness-constrained spatial optimization with deep reinforcement learning for patrol region design,Liang; X.; Zhou; L.; Wang; S.; Zhao; X.; Xue; J.; Ding; Q.; Pan; Y.,2025,International Journal of Applied Earth Observation and Geoinformation,Q1,Scopus,"Existing police resource allocation relies on the prediction of historical crime hotspots, which is difficult to Spatio-temporal crime prediction balance the overall effectiveness and regional fairness, resulting in an imbalance in the allocation of resources Fairness constraints and difficulty in adapting to dynamic security needs. Taking Los Angeles as the study area, this study first Minimum regional disparity constructs an XGBoost regression prediction model to quantify the future crime risk of each area based on the Deep reinforcement learning Police resource allocation optimization crime location and time information in the historical crime data, and then introduces the minimum regional disparity (MRD) constraint on the basis of which the fairness indicator is integrated into the optimization framework of patrol region allocation. Meanwhile, this study innovatively introduces a deep reinforcement learning method to improve the model’s solution efficiency and adaptability under complex constraints by interacting with the environment through a policy network. The experimental results show that the MRD fairness model significantly improves resource allocation fairness. Compared with the maximum coverage model, the Gini coefficient and coefficient of variation decrease by 42.56 % and 57.59 %, respectively, and the Jain’s fairness index simultaneously increases by 94.33 %. Regarding patrol region configuration, the proposed method decreases resource redundancy by 66.62 % and increases the spatial balance of facility distribution by 7.5 %, thereby effectively improving resource utilization and spatial layout rationality. Additionally, the deep rein­ forcement learning (DRL) strategy substantially reduces computational time compared to the classical mixed- integer programming solver, efficiently meeting dual constraints of fairness and coverage effectiveness. In summary, this study integrates MRD constraints and DRL to achieve equitable, efficient policing resource allo­ cation, providing a practical and effective technical pathway for addressing fairness and efficiency demands.",data/bronze/liang2025_spatiotemporal_patrol.txt,include_title_abstract,IC4,,no,high,2026-06-27,Prediccion de riesgo criminal y optimizacion de patrullaje con deep RL.
SLR1-0015,10.1007/s12061-025-09789-6,Enhancing Deep Learning-based Crime Hotspot Predictions With Theory-based Environmental Risk Scores,Hakyemez; Tugrul Cabir; Badur; Bertan,2026,Applied Spatial Analysis and Policy,Q2,Scopus,"This study introduces a novel network-based crime risk score, the Street Segment Risk Score (SSRS), designed to enhance crime hotspot predictions on street net- works. The SSRS evaluates the risk of individual street segments by incorporating the dynamic spatial influence of nearby urban features on local crime patterns. Our dataset comprises all reported incidents of robbery (n = 2,016) and theft (n = 31,493) from 2015 to 2018 in Chicago’s Central Side (CS). We developed both daily and in- traday crime hotspot prediction models that integrate the SSRS and compared their performance—with and without the SSRS—using two graph-based deep learning algorithms, Graph WaveNet (GWNet) and the Spatiotemporal Graph Convolutional Neural Network (STGCN); a traditional deep learning model, Long Short-Term Memory (LSTM); and two baseline methods, Multilayer Perceptron (MLP) and Spatiotemporal Network Kernel Density Estimation (STNetKDE). Results indicate that incorporating the SSRS improves daily robbery hotspot prediction accuracy by up to 5.3% and intraday theft prediction accuracy by as much as 33%. The proposed SSRS demonstrates strong potential to support more precise, street-level security interventions by enhancing daily and intraday crime hotspot predictions. Keywords Crime hotspot prediction · Deep learning · Environmental crime risk · Spatiotemporal graph learning Tugrul Cabir Hakyemez tugrul.hakyemez@bilgi.edu.tr Bertan Badur badur@bogazici.edu.tr 1 Department of Management Information Systems, Istanbul Bilgi University, İstanbul, Turkey 2 Department of Management Information Systems, Bogazici University, Istanbul, Turkey 13 39 Page 2 of 41 T. C. Hakyemez, B. Badur",data/bronze/hakyemez2026_ssrs_crime.txt,include_title_abstract,IC4,,no,high,2026-06-27,Crime hotspot prediction con GWNet/STGCN/LSTM y environmental risk scores.
SLR1-0016,10.3390/bdcc9070179,Research on a Crime Spatiotemporal Prediction Method Integrating Informer and ST-GCN: A Case Study of Four Crime Types in Chicago,Fan; Yuxiao; Hu; Xiaofeng; Hu; Jinming,2025,Big Data and Cognitive Computing,Q1,Scopus,"As global urbanization accelerates, communities have emerged as key areas where social conflicts and public safety risks clash. Traditional crime prevention models experience difficulties handling dynamic crime hotspots due to data lags and poor spatiotemporal resolution. Therefore, this study proposes a hybrid model combining Informer and Spatiotemporal Graph Convolutional Network (ST-GCN) to achieve precise crime prediction at the community level. By employing a community topology and incorporating historical crime, weather, and holiday data, ST-GCN captures spatiotemporal crime trends, while Informer identifies temporal dependencies. Moreover, the model leverages a fully connected layer to map features to predicted latitudes. The experimental results from 320,000 crime records from 22 police districts in Chicago, IL, USA, from 2015 to 2020 show that our model outperforms traditional and deep learning models in predicting assaults, robberies, property damage, and thefts. Specifically, the mean average error (MAE) is 0.73 for assaults, 1.36 for theft, 1.03 for robbery, and 1.05 for criminal damage. In addition, anomalous event fluctuations are effectively captured. The results indicate that our model furthers data-driven public safety governance through spatiotemporal dependency integration and long-sequence modeling, facilitating dynamic crime hotspot prediction and resource allocation optimization. Future research should integrate multisource socioeconomic data to further enhance model adaptability and cross-regional generalization capabilities.",data/silver/analysis/field_corpus.json,include_title_abstract,IC4,,no,high,2026-06-27,Crime spatiotemporal prediction con Informer y ST-GCN.
SLR1-0017,10.1007/s10940-024-09593-4,Partial Identification of the Dark Figure of Crime with Survey Data Under Misreporting Errors,Fé; Eduardo,2024,Journal of Quantitative Criminology,Q1,Scopus,Studies how misreporting errors in crime surveys affect our understanding of the Dark Figure of Crime (DFC). Uses partial identification methods with survey data.,papers/queue.md,include_title_abstract,IC4,,no,high,2026-06-27,"RQ2 directo: dark figure, misreporting y encuestas de victimizacion."
SLR1-0018,10.1016/j.neucom.2026.133217,FedCrime: Zero-inflation adaptive federated learning for crime prediction,Bhumika; Lalanda; Philippe; Vega; German; Das; Debasis,2026,Neurocomputing,Q1,Scopus,"Communicated by Z. Wang In smart cities, crime prediction plays a critical role in enhancing public safety through proactive interventions and efficient resource allocation. In recent years, deep learning based approaches have shown promising perfor­ mance for spatio-temporal crime forecasting. However, most existing methods rely on centralized training, where",data/bronze/bhumika2026_fedcrime.txt,include_title_abstract,IC4,,no,high,2026-06-27,FedCrime: federated/deep learning para crime prediction.
SLR1-0019,10.1016/j.asoc.2023.110886,Incorporating park events into crime hotspot prediction on street networks: A spatiotemporal graph learning approach,Hakyemez; Tugrul Cabir; Badur; Bertan,2023,Applied Soft Computing,Q1,Scopus,"Park events elevate crime risk in and around parks for brief periods by granting offenders close contact with Crime hotspot prediction abundant suitable targets in outdoor spaces. This study proposes to capture the formulated transient crime risk Park event with a network-based feature, Park Event Density (PED), that monitors the dynamic event density across parks. Spatiotemporal graph learning We incorporate the PED into various crime hotspot prediction models to test its effectiveness. The sample in­ Deep learning cludes all the robbery(n = 1555) and theft(n = 22596) incidents between 2016 and 2018 in the Center Side of Chicago. We generate daily and intraday crime hotspot predictions using two spatiotemporal graph learning algorithms (i.e., Graph Wavenet and Spatiotemporal Graph Convolution Neural Networks) and a traditional counterpart (i.e., LSTM). The results reveal that the PED-incorporated models have up to 25% higher accuracy, particularly in the intraday theft predictions. Another significant result indicates that the predictive accuracies of spatiotemporal graph learning algorithms are up to three times higher than their traditional counterpart. The proposed method provides additional information to security decision-makers with crime hotspot prediction models sensitive to the changing crime risk landscape across a region during park events. It also helps organize safer outdoor public events by enacting timely security interventions through more accurate crime hotspot predictions.",data/bronze/hakyemez2023_park_events.txt,include_title_abstract,IC4,,no,high,2026-06-27,Crime hotspot prediction con spatiotemporal graph learning.
SLR1-0020,10.1016/j.ins.2023.119414,Crime risk prediction incorporating geographical spatiotemporal dependency into machine learning models,Deng; Yue; He; Rixing; Liu; Yang,2023,Information Sciences,Q1,Scopus,"The spatiotemporal distribution of crime is closely related to the environment, exhibiting a typical Crime risk prediction characteristic of “spatiotemporal autocorrelation”. However, most of the existing machine Spatiotemporal dependency learning-based crime prediction methods have difficulty in simulate the spatiotemporal depen­ Inverse distance weighting dence of crime. In this study, we mitigate the spatiotemporal dependence embedded in crime data Spatiotemporal lag variable by introducing a spatiotemporal lag variable. To verify the feasibility of the proposed methods, Machine learning four machine learning methods were used to determine whether considering spatiotemporal dependency could improve model prediction accuracy and explore the impact of various factors (i.e., environmental factors and demographical factors) on crime risk intensity in different lo­ cations using crime data collected from June 2014 to May 2018 in Dallas. The results indicated the following: (1) incorporating spatiotemporal lag variables can effectively improve the pre­ diction accuracy of machine learning models; (2) variables predicting crime are highly nonlinear over time and space, and tree-based nonlinear models greatly outperform linear models in pre­ dicting crime; and (3) interpretable machine learning models can reveal the unique contribution of each variable to researchers and practitioners. These findings contribute to our understanding of the mechanism of crime occurrence and may guide the development of crime prevention strategies.",data/bronze/deng2023_crime_risk_spatial.txt,include_title_abstract,IC4,,no,high,2026-06-27,Crime risk prediction con ML y dependencia espaciotemporal.
SLR1-0021,10.1016/j.compenvurbsys.2025.102390,How well do street view images predict crime rates in London? A comparison with social and macro-level environmental features,Guo; Sitong; Harris; Richard; Zhu; Rui,2026,"Computers, Environment and Urban Systems",Q1,Scopus,"Environmental features features influence crime. These features include the social and physical environmental features. Historically, Social features measuring the impact of the physical environment – especially its micro-level characteristics – on crime has been Crime prevention challenging due to the lack of fine-grained quantitative data. Recent advances in computer imagery have enabled Street view imagery Spatial analysis researchers to extract structured data from street view imagery, creating new opportunities to quantify features of the physical environment at this scale – particularly those visible from the streetscape perspective. However, the predictive power of these features, and particularly how they compare to more traditional sources of neighbourhood data, remain underexplored. Conducting the analysis across a large urban area also presents a significant challenge. To address these gaps, this study uses a stratified random sampling technique (stratified by classes of socio-economic deprivation/affluence) to select and extract data on micro-level environmental features from Google Street View (GSV) images. These are studied alongside other social and macro-level environmental data for 1000 Lower Super Output Areas (LSOAs) in London, using Random Forest as the core predictive model, with Ordinary Least Squares (OLS) and Geographically Weighted Regression (GWR) serving as supplementary tools to predict and analyse crime rates at an additional 500 randomly sampled LSOAs. While ‘social and macro- level environmental features’ – specifically renter occupancy rate, the number of POIs, and transport accessibility scores – were generally the most important predictors of crime, for certain crimes, such as criminal damage and arson, incorporating micro-level environmental features improved model accuracy. Overall, models incorpo­ rating spatial information in the relationships between environmental and social features and crime rates, out­ performed other models. This underscores the importance of considering spatial heterogeneity when analysing features influencing crime.",data/bronze/guo2026_street_view_london.txt,include_title_abstract,IC4,,yes,medium,2026-06-27,Predice tasas de crimen con street-view/environmental features; metodo ML/DL no queda totalmente claro en abstract.
SLR1-0022,10.1007/s10940-023-09580-1,A Bayesian Aoristic Logistic Regression to Model Spatio-Temporal Crime Risk Under the Presence of Interval-Censored Event Times,Briz-Redón; Álvaro,2024,Journal of Quantitative Criminology,Q1,Scopus,Bayesian model for spatio-temporal crime risk with interval-censored event times (temporal uncertainty in crime timing - crimes known only within a window).,papers/queue.md,exclude,IC4,,no,high,2026-06-27,"Modelo bayesiano/logistico; incertidumbre temporal, no ML/DL ni reporting bias."
SLR1-0023,10.1016/j.compenvurbsys.2024.102245,Capturing the spatial arrangement of POIs in crime modeling,Liu; Lin; Gu; Xin; Lan; Minxuan; Zhou; Hanlin; Chen; Debao; Su; Zihan,2025,"Computers, Environment and Urban Systems",Q1,Scopus,"Many scholars have established that facilities represented by Points-of-Interests (POIs) may function as crime POI generators and attractors, influencing criminal activities. While existing measurements of POIs primarily rely on Shannon entropy quantitative counts, this count-based approach overlooks the spatial arrangement of POIs within an area, which Voronoi diagram can also contribute to crime. This paper introduces two methods to capture the spatial arrangement character- Average nearest neighbor Crime istics of POIs. One is called the normalized Shannon Voronoi Diagram-based Entropy (n_SVDE). A Voronoi di- agram is constructed based on the spatial distributions of POIs in an area, resulting in polygons, each corresponding one POI. The area proportions of these polygons are then used to calculate Shannon Entropy. A low entropy value indicates a clustering pattern, while a high value reflects a dispersed distribution. The other is the average nearest neighbor distance ratio (ANN_ratio). It is a ratio of the average of the nearest distances of POIs in an area over the expected average. The effectiveness of these two methods is tested by using negative binominal models to explain street robberies in Cincinnati. Our findings show that the n_SVDE significantly explains street robbery, while the ANN_ratio shows no statistical significance. Specifically, a less clustered spatial distribution of POIs is positively associated with an increased likelihood of crime events, while a highly clustered distribution corresponds to a lower likelihood of crime. This study represents one of the pioneering imple- mentations in explicitly examining the spatial configuration of POIs, contributing new insights into environ- mental criminology and providing valuable empirical evidence for enhancing place management and optimizing police patrols.",data/bronze/liu2025_poi_spatial_crime.txt,exclude,IC4,,no,high,2026-06-27,Modela arreglo espacial de POIs con metricas espaciales/Voronoi; no se observa ML/DL en abstract.
SLR1-0024,10.1109/tkde.2025.3618389,An Event-Centric Framework for Predicting Crime Hotspots With Flexible Time Intervals,Jin; Jingwei; Hong; Yinghe; Xu; Guandong,2025,IEEE Transactions on Knowledge and Data Engineering,Q1,CrossRef,Predicting crime hotspots in a city is a complex and critical task... Existing methods commonly employ fixed-time intervals [this addresses flexible time intervals with event-centric approach],papers/queue.md,include_title_abstract,IC4,,yes,medium,2026-06-27,"Crime hotspot prediction; abstract truncado, conviene confirmar metodo en full-text."
SLR1-0025,10.1007/s10940-025-09623-9,GraphTrace: A Graph-Guided Hotspot Detection Method for CCTV Placement,Boldt; Martin; Lewenhagen; Klas; Borg; Anton,2025,Journal of Quantitative Criminology,Q1,CrossRef,Graph-based method for identifying crime hotspots suitable for CCTV placement. Addresses key limitations in traditional spatial crime analysis techniques...,papers/queue.md,include_title_abstract,IC4,,yes,medium,2026-06-27,"Hotspot detection graph-based para CCTV; abstract truncado, confirmar metodo y foco crimen en full-text."
SLR1-0026,10.1016/j.eswa.2025.128539,A rotation invariant Co-ordinate convolutional neural network based crime prediction utilizing spatial crime distribution analysis,Devi; Bindu; Reddy; Baduri; Chandra; Inagatla,2025,Expert Systems with Applications,Q1,CrossRef,"Crime prediction is a challenging task due to the unpredictable and ever-changing nature of criminal activities. A Adaptive two-stage unscented kalman filter deep learning based approach is important in the context of crime prediction, where the goal is not only to Random quantum circuits transform identify potential crime patterns but also to proactively reduce crime rates and deter illegal activities. In this Rotation invariant co-ordinate convolutional paper, a Rotation Invariant Co-ordinate Convolutional Neural Network based Crime Prediction utilizing Jarrett- neural network Jarrett-butterfly optimization Butterfly Optimization Algorithm (RICCNN-CP-JBOA) is proposed. Here, the input data are taken from crime Parrot optimization dataset. The collected data are fed into the preprocessing stage using Sub Adaptive Two-stage Unscented Kalman Filtering (STSUKF) to clean the data by handling the missing values. The Random Quantum Circuits Transform (RQCT) is used to extract dynamic features and Parrot Optimization (PO) is employed to select the six features. The feature selection outputs are given into the Rotation Invariant Coordinate Convolutional Neural Network (RICCNN) to do categorical crimes predictions. The Jarrett-Butterfly Optimization Algorithm (JBOA) is imple­ mented for optimizing the RICCNN parameters. The RICCNN-CP-JBOA technique is implemented and its efficacy is estimated using performance metrics, like Accuracy, Precision, Sensitivity, Specificity, F1-score, ROC. The experimental results prove that the RICCNN-CP-JBOA approach attains 29.27%, 22.14% and 19.21% higher accuracy, 23.26%, 13.32% and 19.12% higher precision, 28.26%, 15.22% and 27.27% greater F1-score when compared to the existing models.",data/bronze/devi2025_cnn_crime_rotation.txt,include_title_abstract,IC4,,no,high,2026-06-27,Crime prediction con rotation invariant CNN.
SLR1-0027,10.1016/j.knosys.2023.110450,Social network analysis for crime rate detection using Spizella swarm optimization based BiLSTM,Mithoo; Poonam; Kumar; Manoj,2023,Knowledge-Based Systems,Q1,CrossRef,"Article history: Technical advancements initiated a rapid increase in criminal activity over time. For the prevention of Received 8 November 2022 these criminal activities, preventive measures are needed. In order to monitor these illicit activities and Received in revised form 13 February 2023 enhance public safety, crime rate detection is essential. Social media can be used to identify crime rates Accepted 7 March 2023 in various parts of any nation, which can dramatically lower crime rates. Social media are a source Available online 22 March 2023 of information as well as a tool for communication. Twitter, which has a user base of more than",data/bronze/mithoo2023_bilstm_crime.txt,include_title_abstract,IC4,,yes,medium,2026-06-27,"Crime rate detection con BiLSTM/social media; abstract extraido esta truncado, pero titulo y keywords cumplen."
SLR1-0028,10.1016/j.engappai.2025.113706,Cooperative patrol routing: Optimizing urban crime surveillance through multi-agent reinforcement learning,Palma-Borda; Julio; Guzmán; Eduardo; Belmonte; María-Victoria,2026,Engineering Applications of Artificial Intelligence,Q1,CrossRef,"Patrolling can be defined as the act of visiting locations of interest at regular intervals for either surveillance, Multi-agent reinforcement learning control, protection, or monitoring purposes. The effective design of patrol strategies is a difficult and complex Cooperative routing optimization problem, especially in medium and large areas. The objective is to plan, in a coordinated manner, the optimal Police patrolling routes for a set of patrols in a given area, in order to achieve maximum coverage of the area, while also trying Crime hotspots to minimize the number of patrols. In this paper, we propose a multi-agent reinforcement learning (MARL) model, based on a decentralized partially observable Markov decision process, to plan unpredictable patrol routes within an urban environment represented as an undirected graph. The model attempts to maximize a target function that characterizes the environment within a given time frame. Our model has been tested to optimize police patrol routes in three medium-sized districts of the city of Málaga. The aim was to maximize surveillance coverage of the most crime-prone areas, based on actual crime data in the city. To address this problem, several MARL algorithms have been studied, and among these the Value Decomposition Proximal Policy Optimization (VDPPO) algorithm exhibited the best performance. We also introduce a novel metric, the coverage index, for the evaluation of the coverage performance of the routes generated by our model. This metric is inspired by the predictive accuracy index (PAI), which is commonly used in criminology to detect hotspots. Using this metric, we have evaluated the model under various scenarios in which the number of agents (or patrols), their starting positions, and the level of information they can observe in the environment have been modified. Results show that the coordinated routes generated by our model achieve a coverage of more than 90% of the 3% of graph nodes with the highest crime incidence, and 65% for 20% of these nodes; 3% and 20% represent the coverage standards for police resource allocation. The source code of our implementation is available in this public repository (https://github.com/iacomlab/marl-patrol-routing). The data cannot be provided for confidentiality reasons, as they contain sensitive information.",data/bronze/palmaborda2026_marl_patrol.txt,include_title_abstract,IC4,,yes,medium,2026-06-27,"MARL para patrullaje y crime hotspots; mas routing/surveillance que prediccion pura, conviene full-text."
SLR1-0029,10.1016/j.eswa.2026.131694,Deep learning for crime analytics: A prioritization system for user reports from safety apps,Vairetti; Carla; Maldonado; Sebastián; Weber; Richard,2026,Expert Systems with Applications,Q1,CrossRef,"This study tackles the challenge of noisy labels in crime analytics by developing a Transformer-based deep learn- Crime analytics ing model that corrects misclassiﬁed user reports from a Chilean crime app. We selected this architecture for its text classiﬁcation advanced capabilities in understanding semantic nuance and context, which is essential for handling the noisy, learning with noisy labels unstructured text of citizen reports. Our method, validated on a real-world dataset of over 1.5 million user reports deep learning. from 2019–2021, employs an iterative, semi-supervised framework (Algorithm 1) that ﬁrst identiﬁes a small, clean set of reports using expert-deﬁned keywords, then progressively corrects and incorporates high-conﬁdence predictions from the larger noisy dataset. Additionally, we introduce an automatic prioritization scheme—a hy- brid expert system that combines our model’s corrected labels with a rule-based keyword matcher—that utilizes this label-correcting model to enhance real-time crime response. The outcome of this research is an AI-powered expert system designed to optimize police resource allocation and municipal crime prevention strategies. To the best of our knowledge, this is the ﬁrst study to apply deep learning to crime-tracking app data with a focus on label correction and response optimization. The performance of this multiclass label correction model is evalu- ated using F1-micro and F1-macro scores. Our results show the eﬀectiveness of the proposed system, achieving 95.68% accuracy in classifying urgent and non-urgent user reports, as detailed in a full confusion matrix.",data/bronze/vairetti2026_dl_crime_apps.txt,include_title_abstract,IC4,,yes,medium,2026-06-27,"Deep learning para crime analytics y priorizacion de reportes; no es prediccion espacial clasica, revisar alcance."
SLR1-0030,10.1016/j.apgeog.2024.103503,Interpretable spatial machine learning for understanding spatial heterogeneity in factors affecting crime,Yue; Han; Chen; Jiayun,2025,Applied Geography,Q1,CrossRef,"Handling Editor: Dr. Y.D. Wei Machine learning techniques, such as random forest (RF), are increasingly utilized in geographical studies, including crime analysis. While RF excels in predictive accuracy and reduces overfitting, it does not account for",data/bronze/yue2025_spatial_ml_crime.txt,include_title_abstract,IC4,,yes,medium,2026-06-27,"Spatial ML para factores de crimen; abstract truncado, confirmar que entra por ML/crime analysis."
SLR1-0031,10.1016/j.eswa.2025.129181,Theory-guided agent-based modeling for crime prediction and decision support,Moradi; Sina; Zhou; Yanling; Gullion; Catriona,2026,Expert Systems with Applications,Q1,CrossRef,"Developing effective crime prevention strategies remains essential in contemporary societies with a long- Agent-Based Modeling standing commitment to public safety. While agent-based modeling (ABM) of crime has made considerable Criminological Theories progress in recent decades, many existing models face challenges in accurately reflecting the complexities of real- Crime Prevention world crime dynamics, including the patterns of where and when crimes occur and the interactions among of­ Police Patrol Strategies fenders, citizens, and police. This study introduces a comprehensive simulation framework designed to model Decision-Making street crimes—specifically robbery, burglary, and larceny—simultaneously, grounded in criminological theories such as Routine Activity Theory (RAT), Rational Choice Theory (RCT), and Crime Pattern Theory (CPT). The simulation incorporates real-world crime data, environmental data, census data, and other relevant datasets to model realistic human behaviors, including mobility patterns. The model’s outputs represent the spatial and temporal distribution of crimes, which are then used to evaluate two key policing strategies. The first experiment simulates hotspot patrolling at various times, targeting areas with high crime intensity. The second introduces a randomized patrol strategy, where officers—whose primary responsibility is not hotspot patrolling—allocate a specified percentage of their time to patrolling these areas. This study aims to provide actionable insights for optimizing patrol strategies and enhancing crime prevention efforts in urban settings. The results indicate that hotspot patrolling significantly reduces all three types of crime when considering two different strategies for implementing hotspot patrolling.",data/bronze/moradi2026_abm_crime.txt,include_title_abstract,IC4,,yes,medium,2026-06-27,"Agent-based simulation para crime prediction/decision support; borderline ML/DL, revisar full-text."
SLR1-0032,10.1109/access.2023.3308967,Multimodal Deep Learning Crime Prediction Using Tweets,Tam; Shao-Fong; Tanriöver; Ömür Ö.,2023,IEEE Access,Q2,CrossRef,Crime prevention relies on crime prediction as a crucial method to determine the most effective patrol strategy...,papers/queue.md,include_title_abstract,IC4,,yes,medium,2026-06-27,"Multimodal deep learning crime prediction con tweets; abstract truncado, confirmar detalles."
SLR1-0033,10.1109/access.2024.3473296,A Reinforcement Learning Approach Combined With Scope Loss Function for Crime Prediction on Social Networks,Yang; Liu; Guofan; Jiang; Yixin; Zhang; Qianze; Wei; Jian; Zhang; Alizadehsani; Roohallah; Pławiak; Paweł,2024,IEEE Access,Q2,CrossRef,Twitter (X)... illicit activities... social media sentiment analysis to predict crime...,papers/queue.md,include_title_abstract,IC4,,yes,medium,2026-06-27,"RL y social media para crime prediction; abstract muy truncado, confirmar metodo y alcance."
SLR1-0034,10.1109/access.2026.3658944,AI and Machine Learning-Enabled Cognitive Digital Twin for Crime Hotspot Detection and Analysis,Shiraptini; T.C.; Dhanushkodi; Kavitha; Sakthipriya; S.; Akshaya; S.; Alphonse; Sherly,2026,IEEE Access,Q2,CrossRef,Cognitive digital twin using AI and ML... crime hot spot identification... blending historical crime observations...,papers/queue.md,include_title_abstract,IC4,,yes,medium,2026-06-27,"Cognitive digital twin con AI/ML para crime hotspot detection; abstract truncado, confirmar detalle metodologico."
SLR1-0035,10.1186/s40537-024-00935-4,Multi-density crime predictor: an approach to forecast criminal activities in multi-density urban areas,Cesario; Eugenio; Lindia; Paolo; Vinci; Andrea,2024,Journal of Big Data,Q1,CrossRef,police departments to gather and store increasing volumes of spatio-temporal crime data... data analytics methodologies to extract crime patterns...,papers/queue.md,include_title_abstract,IC4,,yes,medium,2026-06-27,"Forecast criminal activities en areas urbanas; abstract truncado, confirmar ML/DL y foco crimen."
SLR1-0036,10.1007/s00521-025-11094-9,"Exploratory data analysis, time series analysis, crime type prediction, and trend forecasting in crime data using machine learning, deep learning, and statistical methods",İlgün; Esen Gül; Dener; Murat,2025,Neural Computing and Applications,Q1,CrossRef,Criminal activities are a critical obstacle to socioeconomic development... human surveillance-based control methods are prone to error...,papers/queue.md,include_title_abstract,IC4,,no,high,2026-06-27,Crime type prediction y trend forecasting usando ML/DL.
SLR1-0037,10.1177/00111287251359210,Using Victimization Reporting Rates to Estimate the Dark Figure of Crime: A Case Study,Wheeler; Andrew; Piquero; Alexis,2025,Crime and Delinquency,Q2,CrossRef,"Objectives: To illustrate how factoring in variables associated with reporting and underreporting can be used to adjust official statistics and generate an estimate of the true prevalence of domestic violence in a community. Methods: Combine data from the Federal Bureau of Investigation National Incident Based Reporting System as well as the Bureau of Justice Statistics National Crime Victimization Survey. Results: We show several jurisdictions that have increased aggravated domestic rates in recent NIBRS data. Our up-adjusted total crime counts suggest using only NIBRS data is on average 40% smaller, with the underreporting varying from 23% to 76% across larger NIBRS reporting agencies. Conclusions: Combining law enforcement reports and victimization survey data, we provide more accurate estimates of the number of aggravated domestic violence incidents that occur in individual jurisdictions. Work supported by the Council on Criminal Justice. Replication materials at https://github.com/apwheele/dvtrends.",data/bronze/cd2025_dfc_victimization.txt,include_title_abstract,IC4,,no,high,2026-06-27,RQ2 directo: estima dark figure usando reporting rates y victimization survey.
SLR1-0038,10.1016/j.asoc.2023.110087,Urban hotspot forecasting via automated spatio-temporal information fusion,Jin; Guangyin; Sha; Hengyu; Xi; Zhexu; Huang; Jincai,2023,Applied Soft Computing,Q1,Scopus,"Article history: Urban hotspot forecasting is one of the most important tasks for resource scheduling and security in Received 9 July 2022 future smart cities. Most previous works employed fixed neural architectures based on many compli- Received in revised form 13 January 2023 cated spatial and temporal learning modules. However, designing appropriate neural architectures is Accepted 1 February 2023 challenging for urban hotspot forecasting. One reason is that there is currently no adequate support Available online 10 February 2023 system for how to fuse multi-scale spatio-temporal information rationally by integrating different",data/bronze/jin2023_astifnet_hotspot.txt,include_title_abstract,IC4,,yes,medium,2026-06-27,"Urban hotspot forecasting con spatio-temporal information fusion; abstract no dice crimen explicitamente en primeras lineas, revisar full-text."
SLR1-0039,10.1108/pijpsm-02-2026-0056,Unequal crime reporting: trust in the police and racial disparities in reporting theft and robbery in Brazil,Moreira; Gustavo; Ceccato; Vania,2026,Policing: An International Journal,Q2,Scopus,"Purpose – This study aims to examine how trust in the police shapes reporting decisions for theft and robbery and whether this relationship varies by offense type, race and crime characteristics in a Global South context. Design/methodology/approach – Using nationally representative survey data on victims of theft and robbery in Brazil, crime reporting is conceptualized as a post-victimization decision under uncertainty. Separate probit models are estimated for theft (N 5 3,417) and robbery (N 5 677). Results are presented as average marginal effects, controlling for prior victimization, socioeconomic characteristics and crime attributes, including incidents involving vehicles, documents or mobile phones. Findings – Trust in the police is positively associated with reporting for both types of offenses, but the magnitude differs substantially. The association is considerably stronger for robbery than for theft and is amplified in incidents involving higher material or administrative stakes. Non-white victims are consistently less likely to report, even after accounting for trust and socioeconomic differences, suggesting that racial disparities in engagement with the criminal justice system extend beyond attitudinal factors. Originality/value – By distinguishing between theft and robbery and incorporating crime-specific attributes, the study refines existing debates on trust and reporting behavior. Focusing on Brazil contributes evidence from the Global South to a literature largely centered on the Global North and highlights how institutional trust, structural inequality and instrumental incentives jointly shape crime reporting. Keywords Reporting practices, Attitudes toward police, Administrative procedures, Police bias, Racial threat, Trust in the police Paper type Research article",data/bronze/moreira2026_crime_reporting_brazil.txt,include_title_abstract,IC4,,no,high,2026-06-27,"RQ2 directo: reporting decisions, confianza policial y disparidades en Brasil."
SLR1-0040,10.1109/tcss.2025.3550196,START: A Spatiotemporal Autoregressive Transformer for Enhancing Crime Prediction Accuracy,Butt; Umair Muneer; Letchmunan; Sukumar; Ali; Mubashir; Sherazi; Hafiz Husnain Raza,2025,IEEE Transactions on Computational Social Systems,Q1,CrossRef,"This study presents a spatiotemporal autoregressive transformer (START) that combines the strengths of spatiotemporal transformers and vector autoregression (VAR) to predict crime by type, handling nonstationary data and capturing long-term dependencies. Moreover, Start utilizes one-hot encoding to differentiate crime types, enabling the model to assign specific attention to individual crime categories. Seasonal trend decomposition using LOESS (STL) is employed to decompose time series into trend, seasonality, and remainder components by effectively capturing residual variations. VAR attention enhances prediction accuracy by focusing on specific crime types and prioritizing relevant information. The proposed approach is evaluated on publicly available crime datasets from New York, Chicago, and Los Angeles and three state-of-the-art evaluation measures: mean error (ME), mean absolute percentage error (MAPE), and root mean square error (RMSE). Our simulation results demonstrate the significance of the proposed method in enhancing crime prediction accuracy for the most critical crimes compared to state-of-the-art methods. Enhanced crime prediction may help law enforcement agencies allocate resources efficiently by focusing on the most critical areas.",data/silver/analysis/field_corpus.json,include_title_abstract,IC4,,no,high,2026-06-27,Transformer espaciotemporal autoregresivo para crime prediction por tipo.
SLR1-0041,10.1109/tcss.2022.3207987,Unsupervised Domain Adaptation for Crime Risk Prediction Across Cities,Zhou; Binbin; Chen; Longbiao; Zhao; Sha; Li; Shijian; Zheng; Zengwei,2023,IEEE Transactions on Computational Social Systems,Q1,CrossRef,"Crime risk prediction is crucial for city safety and residents’ life quality. However, without labeled data, it is challenging to predict crime risk in cities. Due to municipal regulations and maintenance costs, it is not trivial for many cities to collect high-quality labeled crime data. In particular, some cities have lots of labeled data while others may have few. It has been possible to develop a crime prediction model for a city without labeled crime data by learning knowledge from a city with abundant data. Nevertheless, the inconsistency of relevant context data between cities exacerbates the difficulty of this prediction task. To this end, this article proposes an effective unsupervised domain adaptation model (UDAC) for crime risk prediction across cities while addressing the contexts’ inconsistency issue. More specifically, we first identify several similar source city grids for each target city grid. Based on these source city grids, we then construct auxiliary contexts for the target city, to make contexts consistent between the two cities. A dense convolutional network with unsupervised domain adaptation is designed to learn high-level representations for accurate crime risk prediction and simultaneously learn domain-invariant features for domain adaptation. The effectiveness of our model is verified through extensive experiments using three real-world datasets.",data/silver/analysis/field_corpus.json,include_title_abstract,IC4,,no,high,2026-06-27,Crime risk prediction across cities con unsupervised domain adaptation y dense CNN.
SLR1-0042,10.1177/00420980241270948,Analysing non-linearities and threshold effects between street-level built environments and local crime patterns: An interpretable machine learning approach,Lee; Sugie; Ki; Donghwan; Hipp; John R; Kim; Jae Hong,2024,Urban Studies,Q1,Scopus,"Despite the substantial number of studies on the relationships between crime patterns and built environments, the impacts of street-level built environments on crime patterns have not been definitively determined due to the limitations of obtaining detailed streetscape data and conventional analysis models. To fill these gaps, this study focuses on the non-linear relationships and threshold effects between built environments and local crime patterns at the level of a street segment in the City of Santa Ana, California. Using Google Street View (GSV) and semantic segmentation techniques, we quantify the features of the built environment in GSV images. Then, we examine the non-linear relationships and threshold effects between built environment factors and crime by applying interpretable machine learning (IML) methods. While the machine learning models, especially Deep Neural Network (DNN), outperformed negative binomial regression in predicting future crime events, particularly advantageous was that they allowed us to obtain a deeper understanding of the complex relationship between crime patterns and environmental factors. The results of interpreting the DNN model through IML indicate that most streetscape elements showed non-linear relationships and threshold effects with crime patterns that cannot be easily captured by conventional regression model specifications. The non-linearities and threshold effects revealed in this study can shed light on the factors associated with crime patterns and contribute to policy development for public safety from crime.",data/silver/analysis/field_corpus.json,include_title_abstract,IC4,,no,high,2026-06-27,Crime patterns y built environment con interpretable ML/DNN.
SLR1-0043,10.1016/j.scs.2024.105873,Smart Hotspot Detection Using Geospatial Artificial Intelligence: A Machine Learning Approach to Reduce Flood Risk,Rezvani; S.M.; Gonçalves; Alexandre; Falcão Silva; Maria João; Marques de Almeida; Nuno,2024,Sustainable Cities and Society,Q1,CrossRef,,missing_local,exclude,EC6,,no,high,2026-06-27,"Titulo indica flood risk, no crimen/seguridad urbana como objeto de estudio."
SLR1-0044,10.1007/s10940-025-09650-6,Estimating Crime Counts and Characteristics from NIBRS Data,Lohr; Sharon L.,2026,Journal of Quantitative Criminology,Q1,CrossRef,,missing_local,uncertain_fulltext,IC4,,yes,low,2026-06-27,Titulo sobre conteos/caracteristicas NIBRS; sin abstract local no se puede confirmar ML/DL o reporting-bias desde titulo.
